EIP_DBAOSB_DEPOHISTPARAM;2
EIP_DBAOSB_HSCERTIFICATEPARAM;1
EIP_DBAOSB_CONTRACTPRODUCT;1
EIP_DBAOSB_DOCUMENT;1
EIP_DBAOSB_PRODUCTPARTYROLEINST;1
EIP_DBAOSB_PARTYPRODUCTIDENTIFIER;1
EIP_DBAOSB_HSDEPOSITPARAM;1
EIP_DBAOSB_DEPORELATIONPARAM;1
EIP_DBAOSB_MBVEVENTSPARAM;1
EIP_DBAOSB_DEPOREZERVPARAM;1
EIP_DBAOSB_ACCREDITIVEPARAM;1
EIP_DBAOSB_DCARDPARAM;1
EIP_DBAOSB_HISTBOOKNOPARAM;1
EIP_DBAOSB_CARDSERVICEDEBTPARAM;1
EIP_DBAOSB_CONTRACTLINK;1
EIP_DBAOSB_PINPKPARAM;1
EIP_DBAOSB_CONTRACT;1
EIP_DBAOSB_PLASTICCARD;1
EIP_DBAOSB_DEPOSITPARAM;1
EIP_DBAOSB_DEPOBUILDPARAM;1
EIP_DBAOSB_PROCESS;1
EIP_DBAOSB_ACCESSTOOL;1
EIP_DBAOSB_OPERDEPOBUILDPARAM;1
EIP_DBAOSB_CARDTODEPOTOPARAM;1
EIP_DBAOSB_ACCCLOSEPROLONGPARAM;1
EIP_DBAOSB_SIGNATORE;1
EIP_DBAOSB_HSAGREEMENTPARAM;1
EIP_DBAOSB_EDBOPARAM;1
EIP_DBAOSB_SBERBOOK;1
EIP_DBAOSB_SERVICEPARTY;1
EIP_DBAOSB_PERFORMEDOPERATION;3
EIP_DBAOSB_PERFORMEDSERVICE;4
EIP_DBAOSB_PRODUCTREGISTERREC;5
EIP_DBAOSB_PRODUCTREGISTR;6
EIP_DBAOSB_PRODUCT;1
